,text,count_vector,probability
0,"This is the first document.
","dict_values([1, 1, 1, 1, 1, 0, 0, 0, 0])","[0.2, 0.2, 0.2, 0.2, 0.2]"
1,"This document is the second document.
","dict_values([1, 1, 1, 0, 2, 1, 0, 0, 0])","[0.16666666666666666, 0.16666666666666666, 0.16666666666666666, 0.3333333333333333, 0.16666666666666666]"
2,"And this is the third one.
","dict_values([1, 1, 1, 0, 0, 0, 1, 1, 1])","[0.16666666666666666, 0.16666666666666666, 0.16666666666666666, 0.16666666666666666, 0.16666666666666666, 0.16666666666666666]"
3,Is this the first document?,"dict_values([1, 1, 1, 1, 1, 0, 0, 0, 0])","[0.2, 0.2, 0.2, 0.2, 0.2]"
